Age,BusinessTravel,DailyRate,Department,DistanceFromHome,Education,EducationField,EnvironmentSatisfaction,Gender,HourlyRate,JobInvolvement,JobLevel,JobRole,JobSatisfaction,MaritalStatus,MonthlyIncome,MonthlyRate,NumCompaniesWorked,OverTime,PercentSalaryHike,PerformanceRating,RelationshipSatisfaction,StockOptionLevel,TotalWorkingYears,TrainingTimesLastYear,WorkLifeBalance,YearsAtCompany,YearsInCurrentRole,YearsSinceLastPromotion,YearsWithCurrManager,Tenure_Category,Promotion_Ratio,Overworked,Loyalty_Score,Salary_Growth_Rate,Income_Per_Level,Actual Attrition,Predicted Attrition,Prediction Probability
28,2,866,2,5,3,3,4,1,84,3,2,7,1,2,8463,23490,0,0,18,3,4,0,6,4,3,5,4,1,3,3,0.16666666666666666,0,0.5,3.0,2821.0,0,0,0.027638525349501137
53,2,1084,1,13,2,3,4,0,57,4,2,4,1,0,4450,26250,1,0,11,3,3,2,5,3,3,4,2,1,3,3,0.2,0,0.6,2.2,1483.3333333333333,0,0,0.015689983903442027
24,2,240,0,22,1,0,4,1,58,1,1,1,3,1,1555,11585,1,0,11,3,3,1,1,2,3,1,0,0,0,0,0.0,0,0.0,5.5,777.5,1,1,0.5966598440354427
45,2,1339,1,7,3,1,2,1,59,3,3,6,1,0,9724,18787,2,0,17,3,3,1,25,2,3,1,0,0,0,0,0.0,0,0.0,8.5,2431.0,0,0,0.04930343437348603
36,2,1396,1,5,2,1,4,1,62,3,2,2,2,2,5914,9945,8,0,16,3,4,0,16,3,4,13,11,3,7,1,0.21428571428571427,0,0.5,1.1428571428571428,1971.3333333333333,0,0,0.017825289320850896
34,2,204,2,14,3,5,3,0,31,3,1,8,3,0,2579,2912,1,1,18,3,4,2,8,3,3,8,2,0,6,4,0.0,0,0.6666666666666666,2.0,1289.5,0,0,0.13713896759753466
35,2,144,1,22,3,1,4,1,46,1,1,2,3,2,4230,19225,0,0,15,3,3,0,6,2,3,5,4,4,3,3,0.6666666666666666,0,0.5,2.5,2115.0,0,1,0.4176663594005595
39,2,1431,1,1,4,3,3,0,96,3,1,2,3,0,2232,15417,7,0,14,3,3,3,7,1,3,3,2,1,2,3,0.25,0,0.5,3.5,1116.0,0,0,0.031714335990535206
45,0,1052,2,6,3,3,4,0,57,2,3,7,4,2,8865,16840,6,0,12,3,4,0,23,2,3,19,7,12,8,1,0.6,0,0.4,0.6,2216.25,0,1,0.24532554879201762
35,2,1229,1,8,1,1,4,1,36,4,1,2,4,1,2269,4892,1,0,19,3,4,0,1,2,3,1,0,0,1,0,0.0,0,0.5,9.5,1134.5,0,0,0.03341950514948357
47,2,1454,2,2,4,1,4,0,65,2,1,8,4,2,3294,13137,1,1,18,3,1,0,3,3,2,3,2,1,2,3,0.25,0,0.5,4.5,1647.0,0,1,0.6090283100769143
43,2,531,2,4,4,2,4,0,56,2,3,7,4,2,10231,20364,3,0,14,3,4,0,23,3,4,21,7,15,17,2,0.6818181818181818,0,0.7727272727272727,0.6363636363636364,2557.75,0,0,0.042861743100944594
44,2,625,1,4,3,3,4,1,50,3,2,0,2,2,5933,5197,9,0,12,3,4,0,10,2,2,5,2,2,3,3,0.3333333333333333,0,0.5,2.0,1977.6666666666667,0,0,0.1941607774439665
40,2,1171,1,10,4,1,4,0,46,4,1,2,3,1,2213,22495,3,1,13,3,3,1,10,3,3,7,7,1,7,4,0.125,0,0.875,1.625,1106.5,0,0,0.04189938440563786
22,2,581,1,1,2,1,4,1,63,3,1,6,3,2,3375,17624,0,0,12,3,4,0,4,2,4,3,2,1,2,3,0.25,0,0.5,3.0,1687.5,0,0,0.030442663568311528
30,1,1312,1,2,4,5,4,0,78,2,1,6,1,2,4968,26427,0,0,16,3,4,0,10,2,3,9,7,0,7,4,0.0,0,0.7,1.6,2484.0,0,0,0.09056523402816043
29,1,461,1,1,3,1,4,1,70,4,2,0,3,2,6294,23060,8,1,12,3,4,0,10,5,4,3,2,0,2,3,0.0,0,0.5,3.0,2098.0,0,0,0.02631241895548892
36,2,885,1,16,4,1,3,0,43,4,1,2,1,2,2743,8269,1,0,16,3,3,0,18,1,3,17,13,15,14,1,0.8333333333333334,0,0.7777777777777778,0.8888888888888888,1371.5,1,1,0.227844823094604
47,0,666,1,29,4,1,1,1,88,3,3,3,2,1,11849,10268,1,1,12,3,4,1,10,2,2,10,7,9,9,4,0.8181818181818182,0,0.8181818181818182,1.0909090909090908,2962.25,1,1,0.6482906979611216
34,1,829,1,15,3,3,2,1,71,3,4,5,1,0,17007,11929,7,0,14,3,4,2,16,3,2,14,8,6,9,1,0.4,0,0.6,0.9333333333333333,3401.4,0,0,0.1299686471389648
31,1,307,1,29,2,3,3,1,71,2,1,2,2,2,3479,11652,0,0,11,3,2,0,6,2,4,5,4,1,4,3,0.16666666666666666,0,0.6666666666666666,1.8333333333333333,1739.5,1,1,0.3834580697438794
47,2,983,1,2,2,3,1,0,65,3,2,4,4,0,5070,7389,5,0,13,3,3,3,20,2,3,5,0,0,4,3,0.0,0,0.6666666666666666,2.1666666666666665,1690.0,0,0,0.006692796573521907
32,2,601,2,7,5,2,4,1,97,3,2,7,4,1,9204,23343,4,0,12,3,3,1,7,3,2,4,3,0,3,3,0.0,0,0.6,2.4,3068.0,0,0,0.01358007332192053
38,2,322,2,7,2,3,1,0,44,4,2,7,1,0,5605,19191,1,1,24,4,3,1,8,3,3,8,0,7,7,4,0.7777777777777778,0,0.7777777777777778,2.6666666666666665,1868.3333333333333,0,1,0.39834188747259053
33,2,1242,2,8,4,1,1,1,46,3,2,7,1,1,6392,10589,2,0,13,3,4,1,8,6,1,2,2,2,2,0,0.6666666666666666,0,0.6666666666666666,4.333333333333333,2130.6666666666665,0,1,0.20012145184743307
55,2,685,2,26,5,2,3,1,60,2,5,3,4,1,19586,23037,1,0,21,4,3,1,36,3,3,36,6,2,13,2,0.05405405405405406,0,0.35135135135135137,0.5675675675675675,3264.3333333333335,0,0,0.06909178671774488
27,2,618,1,4,3,1,2,0,76,3,1,6,3,2,2318,17808,1,0,19,3,3,0,1,2,3,1,1,0,0,0,0.0,0,0.0,9.5,1159.0,0,1,0.4466481300385747
33,2,586,2,1,3,3,1,1,48,4,2,7,1,0,4037,21816,1,0,22,4,1,1,9,5,3,9,8,0,8,4,0.0,0,0.8,2.2,1345.6666666666667,0,0,0.014449136574304362
44,2,1467,1,20,3,1,4,1,49,3,1,6,2,2,3420,21158,1,0,13,3,3,0,6,3,2,5,2,1,3,3,0.16666666666666666,0,0.5,2.1666666666666665,1710.0,0,1,0.2838219198824292
34,2,470,1,2,4,1,4,1,84,2,2,4,1,1,5957,23687,6,0,13,3,2,1,13,3,3,11,9,5,9,1,0.4166666666666667,0,0.75,1.0833333333333333,1985.6666666666667,0,0,0.11943041116515243
30,2,305,1,16,3,1,3,1,58,4,2,0,3,1,5294,9128,3,0,16,3,3,1,10,3,3,7,0,1,7,4,0.125,0,0.875,2.0,1764.6666666666667,0,0,0.015816442177903827
26,2,1066,1,2,2,3,4,1,32,4,2,4,4,1,5472,3334,1,0,12,3,2,0,8,2,3,8,7,1,3,4,0.1111111111111111,0,0.3333333333333333,1.3333333333333333,1824.0,0,0,0.009256430187976079
40,1,791,1,2,2,3,3,0,38,4,2,0,2,1,4244,9931,1,0,24,4,4,1,8,2,3,8,7,3,7,4,0.3333333333333333,0,0.7777777777777778,2.6666666666666665,1414.6666666666667,0,0,0.0038208452381287322
37,2,799,1,1,3,5,2,0,59,3,3,4,4,2,7491,23848,4,0,17,3,4,0,12,3,4,6,5,1,2,4,0.14285714285714285,0,0.2857142857142857,2.4285714285714284,1872.75,0,0,0.009968289786016044
36,2,1456,2,13,5,2,2,1,96,2,2,7,1,0,6134,8658,5,1,13,3,2,3,16,3,3,2,2,2,2,0,0.6666666666666666,0,0.6666666666666666,4.333333333333333,2044.6666666666667,1,1,0.2466893171174365
35,2,882,2,3,4,1,4,1,92,3,3,7,4,0,7823,6812,6,0,13,3,2,1,12,2,3,10,9,0,8,4,0.0,0,0.7272727272727273,1.1818181818181819,1955.75,0,0,0.004815311661730134
40,0,218,1,8,1,3,4,1,55,2,3,5,2,0,13757,25178,2,0,11,3,3,1,16,5,3,9,8,4,8,4,0.4,0,0.8,1.1,3439.25,0,0,0.02391333589194878
41,0,906,1,5,2,1,1,1,95,2,1,6,1,0,2107,20293,6,0,17,3,1,1,5,2,1,1,0,0,0,0,0.0,0,0.0,8.5,1053.5,1,1,0.9889127882692325
28,2,1434,1,5,4,5,3,1,50,3,1,2,3,2,3441,11179,1,1,13,3,3,0,2,3,2,2,2,2,2,0,0.6666666666666666,0,0.6666666666666666,4.333333333333333,1720.5,1,1,0.5014196910624502
28,2,1217,1,1,3,3,3,0,67,3,1,6,1,1,3591,12719,1,0,25,4,3,1,3,3,3,3,2,1,2,3,0.25,0,0.5,6.25,1795.5,0,0,0.04579890975517649
38,2,702,2,1,4,1,1,0,59,2,2,7,4,2,8686,12930,4,0,22,4,3,0,12,2,4,8,3,0,7,4,0.0,0,0.7777777777777778,2.4444444444444446,2895.3333333333335,0,0,0.025568958304975672
40,2,1342,2,9,2,3,1,1,47,3,2,7,1,1,5473,19345,0,0,12,3,4,0,9,5,4,8,4,7,1,4,0.7777777777777778,0,0.1111111111111111,1.3333333333333333,1824.3333333333333,0,1,0.23686125081778134
32,0,1200,1,1,4,5,4,1,62,3,2,6,1,1,4087,25174,4,0,14,3,2,1,9,3,2,6,5,1,2,4,0.14285714285714285,0,0.2857142857142857,2.0,1362.3333333333333,0,0,0.19603464282049524
38,1,1186,1,3,4,4,3,1,44,3,1,6,3,1,2821,2997,3,0,16,3,1,1,8,2,3,2,2,2,2,0,0.6666666666666666,0,0.6666666666666666,5.333333333333333,1410.5,0,0,0.1583940464555565
33,2,350,2,5,3,2,4,0,34,3,1,8,3,2,2851,9150,1,1,13,3,2,0,1,2,3,1,0,0,0,0,0.0,0,0.0,6.5,1425.5,1,1,0.6994372230564735
38,0,1327,2,2,2,1,4,1,39,2,2,7,4,1,5249,19682,3,0,18,3,4,1,13,0,3,8,7,7,5,4,0.7777777777777778,0,0.5555555555555556,2.0,1749.6666666666667,0,0,0.058924141342620986
40,2,299,2,25,4,2,4,1,57,2,3,7,2,2,9094,17235,2,1,12,3,3,0,9,2,3,5,4,1,0,3,0.16666666666666666,0,0.0,2.0,2273.5,1,1,0.5852092162421404
33,2,118,2,16,3,2,1,0,69,3,2,7,1,2,5324,26507,5,0,15,3,3,0,6,3,3,3,2,0,2,3,0.0,0,0.5,3.75,1774.6666666666667,1,1,0.5761496809503815
50,1,562,2,8,2,5,2,1,50,3,2,7,3,1,6796,23452,3,1,14,3,1,1,18,4,3,4,3,1,3,3,0.2,0,0.6,2.8,2265.3333333333335,1,0,0.19918964511704823
19,0,504,1,10,3,3,1,0,96,2,1,6,2,2,1859,6148,1,1,25,4,2,0,1,2,4,1,1,0,0,0,0.0,0,0.0,12.5,929.5,1,1,0.9398618763199965
46,2,1009,1,2,3,1,1,1,51,3,4,5,3,1,17861,2288,6,0,13,3,3,0,26,2,1,3,2,0,1,3,0.0,0,0.25,3.25,3572.2,0,0,0.12970334410598966
31,2,691,1,5,4,5,3,1,86,3,1,6,4,1,4821,10077,0,1,12,3,3,1,6,4,3,5,2,0,3,3,0.0,0,0.5,2.0,2410.5,0,0,0.04622388344448309
51,2,684,1,6,3,1,1,1,51,3,5,5,3,2,19537,6462,7,0,13,3,3,0,23,5,3,20,18,15,15,1,0.7142857142857143,0,0.7142857142857143,0.6190476190476191,3256.1666666666665,0,0,0.03597080986992388
34,2,507,2,15,2,3,3,0,66,3,2,7,1,2,6125,23553,1,0,12,3,4,0,10,6,4,10,8,9,6,4,0.8181818181818182,0,0.5454545454545454,1.0909090909090908,2041.6666666666667,0,0,0.07419647642811672
29,2,1082,1,9,4,3,4,0,43,3,1,2,3,1,2974,25412,9,0,17,3,3,1,9,2,3,5,3,1,2,3,0.16666666666666666,0,0.3333333333333333,2.8333333333333335,1487.0,0,0,0.13519722158780997
32,1,1316,1,2,2,1,4,0,38,3,2,6,3,2,4998,2338,4,1,14,3,4,0,10,2,3,8,7,0,7,4,0.0,0,0.7777777777777778,1.5555555555555556,1666.0,0,0,0.08256455248411462
40,2,905,1,19,2,3,3,1,99,3,2,2,4,1,2741,16523,8,1,15,3,3,1,15,2,4,7,2,3,7,4,0.375,0,0.875,1.875,913.6666666666666,0,0,0.14334689788840638
33,1,1303,1,7,2,1,4,1,36,3,2,0,3,0,5968,18079,1,0,20,4,3,3,9,2,3,9,7,2,8,4,0.2,0,0.8,2.0,1989.3333333333333,0,0,0.0007659321203986417
34,2,970,1,8,2,3,2,0,96,3,2,0,3,2,6142,7360,3,0,11,3,4,0,10,2,3,5,1,4,3,3,0.6666666666666666,0,0.5,1.8333333333333333,2047.3333333333333,0,0,0.13134343932830536
39,1,711,1,4,3,3,1,0,81,3,2,4,3,2,5042,3140,0,0,13,3,4,0,10,2,1,9,2,3,8,4,0.3,0,0.8,1.3,1680.6666666666667,0,1,0.3636437575702651
45,2,176,0,4,3,1,3,0,56,1,3,1,3,1,9756,6595,4,0,21,4,3,2,9,2,4,5,0,0,3,3,0.0,0,0.5,3.5,2439.0,0,0,0.009418959418394518
21,2,1334,1,10,3,1,3,0,36,2,1,2,1,2,1416,17258,1,0,13,3,1,0,1,6,2,1,0,1,0,0,0.5,0,0.0,6.5,708.0,1,1,0.9001219642566782
31,1,1445,1,1,5,1,3,0,100,4,3,4,2,2,7446,8931,1,0,11,3,1,0,10,2,3,10,8,4,7,4,0.36363636363636365,0,0.6363636363636364,1.0,1861.5,1,0,0.02859048805330136
50,2,691,1,2,3,3,3,1,64,3,4,5,3,1,17639,6881,5,0,16,3,4,0,30,3,3,4,3,0,3,3,0.0,0,0.6,3.2,3527.8,0,0,0.003916937103872482
37,2,1141,1,11,2,3,1,0,61,1,2,0,2,1,4777,14382,5,0,15,3,1,0,15,2,1,1,0,0,0,0,0.0,0,0.0,7.5,1592.3333333333333,1,1,0.9589938512083319
35,2,556,1,23,2,1,2,1,50,2,2,4,3,1,5916,15497,3,1,13,3,1,0,8,1,3,1,0,0,1,0,0.0,0,0.5,6.5,1972.0,1,1,0.8828131996973563
27,2,1130,2,8,4,2,2,0,56,3,2,7,2,1,6214,3415,1,0,18,3,1,1,8,3,3,8,7,0,7,4,0.0,0,0.7777777777777778,2.0,2071.3333333333335,0,0,0.037754094469825895
37,2,783,1,7,4,3,4,1,78,3,2,6,1,1,4284,13588,5,1,22,4,3,1,16,2,3,5,3,0,4,3,0.0,0,0.6666666666666666,3.6666666666666665,1428.0,0,0,0.06425500160335684
28,2,1117,1,8,2,1,4,0,66,3,1,6,4,2,3310,4488,1,0,21,4,4,0,5,3,3,5,3,0,2,3,0.0,0,0.3333333333333333,3.5,1655.0,0,0,0.011902716549484958
40,2,898,0,6,2,3,3,1,38,3,4,3,4,2,16437,17381,1,1,21,4,4,0,21,2,3,21,7,7,7,2,0.3181818181818182,0,0.3181818181818182,0.9545454545454546,3287.4,0,0,0.06748850936492246
36,2,335,2,17,2,2,3,1,33,2,2,7,2,1,5507,16822,2,0,16,3,3,2,12,1,1,4,2,1,3,3,0.2,0,0.6,3.2,1835.6666666666667,0,1,0.27834837666068735
46,2,705,2,2,4,2,2,0,83,3,5,3,1,2,18947,22822,3,0,12,3,4,0,22,2,2,2,2,2,1,0,0.6666666666666666,0,0.3333333333333333,4.0,3157.8333333333335,0,0,0.11432693637782869
37,2,558,2,2,3,2,4,1,75,3,2,7,3,1,9602,3010,4,1,11,3,3,1,17,3,2,3,0,1,0,3,0.25,0,0.0,2.75,3200.6666666666665,0,0,0.12849398930054265
35,2,776,2,1,4,2,3,1,32,2,2,7,1,2,4312,23016,0,0,14,3,2,0,16,2,3,15,13,2,8,1,0.125,0,0.5,0.875,1437.3333333333333,0,0,0.18616103146843024
29,2,1329,1,7,3,1,3,1,82,3,2,0,4,0,6623,4204,1,1,11,3,2,2,6,2,3,6,0,1,0,4,0.14285714285714285,0,0.0,1.5714285714285714,2207.6666666666665,0,0,0.07890448182451018
55,2,836,1,8,3,3,4,0,33,3,4,3,3,0,14756,19730,2,1,14,3,3,3,21,2,3,5,0,0,2,3,0.0,0,0.3333333333333333,2.3333333333333335,2951.2,0,0,0.00626043669669918
34,1,426,1,10,4,1,3,1,42,4,2,4,4,0,4724,17000,1,0,13,3,1,1,9,3,3,9,7,7,2,4,0.7,0,0.2,1.3,1574.6666666666667,0,0,0.03983275828047527
34,2,1111,2,8,2,1,3,0,93,3,2,7,1,1,6500,13305,5,0,17,3,2,1,6,1,3,3,2,1,2,3,0.25,0,0.5,4.25,2166.6666666666665,0,1,0.23349704461880635
36,2,363,1,1,3,5,3,0,77,1,3,4,1,0,10252,4235,2,1,21,4,3,1,17,2,3,7,7,7,7,4,0.875,0,0.875,2.625,2563.0,0,0,0.15855970768521435
30,2,634,1,17,4,3,2,0,95,3,3,3,1,1,11916,25927,1,1,23,4,4,2,9,2,3,9,1,0,8,4,0.0,0,0.8,2.3,2979.0,0,0,0.06267934417570084
53,2,1223,1,7,2,3,4,0,50,3,5,3,3,0,18606,18640,3,0,18,3,2,1,26,6,3,7,7,4,7,4,0.5,0,0.875,2.25,3101.0,0,0,0.0008538911944593042
39,2,141,0,3,3,0,3,0,44,4,2,1,2,1,6389,18767,9,0,15,3,3,1,12,3,1,8,3,3,6,4,0.3333333333333333,0,0.6666666666666666,1.6666666666666667,2129.6666666666665,0,0,0.1695824988924617
58,2,605,2,21,3,1,4,0,72,3,4,3,4,1,17875,11761,4,1,13,3,3,1,29,2,2,1,0,0,0,0,0.0,0,0.0,6.5,3575.0,0,0,0.06405860312664487
25,2,622,2,13,1,3,2,1,40,3,1,8,3,1,2096,26376,1,0,11,3,3,0,7,1,3,7,4,0,6,4,0.0,0,0.75,1.375,1048.0,0,1,0.3963538475376984
29,2,408,2,23,1,1,4,0,45,2,3,7,1,1,7336,11162,1,0,13,3,1,1,11,3,1,11,8,3,10,1,0.25,0,0.8333333333333334,1.0833333333333333,1834.0,1,1,0.37834076501182234
44,0,981,1,5,3,1,3,1,90,2,1,2,3,2,3162,7973,3,0,14,3,4,0,7,5,3,5,2,0,3,3,0.0,0,0.5,2.3333333333333335,1581.0,0,0,0.12735944846291739
41,2,1206,2,23,2,1,4,1,80,3,3,7,3,2,7082,11591,3,1,16,3,4,0,21,2,3,2,0,0,2,0,0.0,0,0.6666666666666666,5.333333333333333,1770.5,0,0,0.06606640881053373
44,2,1112,0,1,4,1,1,0,50,2,2,1,3,2,5985,26894,4,0,11,3,2,0,10,1,4,2,2,0,2,0,0.0,0,0.6666666666666666,3.6666666666666665,1995.0,0,0,0.16227997040814218
32,2,638,1,8,2,3,3,0,91,4,2,6,3,1,5175,22162,5,0,12,3,3,1,9,3,2,5,3,1,3,3,0.16666666666666666,0,0.5,2.0,1725.0,0,0,0.0484863610039823
30,1,721,1,1,2,3,3,0,58,3,2,2,4,2,4011,10781,1,0,23,4,4,0,12,2,3,12,8,3,7,1,0.23076923076923078,0,0.5384615384615384,1.7692307692307692,1337.0,0,0,0.010360703926183837
37,2,1115,1,1,4,1,1,1,51,2,2,4,3,0,5993,2689,1,0,18,3,3,1,7,2,4,7,5,0,7,4,0.0,0,0.875,2.25,1997.6666666666667,0,0,0.019224644922898083
21,2,391,1,15,2,1,3,1,96,3,1,6,4,2,1232,19281,1,0,14,3,4,0,0,6,3,0,0,0,0,0,0.0,0,0.0,14.0,616.0,0,1,0.2522739283074317
39,2,119,2,15,4,2,2,1,77,3,4,7,1,2,13341,25098,0,0,12,3,1,0,21,3,3,20,8,11,10,1,0.5238095238095238,0,0.47619047619047616,0.5714285714285714,2668.2,0,1,0.4499851357656512
30,2,202,2,2,1,5,3,1,72,3,1,8,2,1,2476,17434,1,0,18,3,1,1,1,3,3,1,0,0,0,0,0.0,0,0.0,9.0,1238.0,0,1,0.43868601389471074
37,2,1189,2,3,3,1,3,1,87,3,3,7,4,2,7428,14506,2,0,12,3,1,0,12,3,3,5,3,1,3,3,0.16666666666666666,0,0.5,2.0,1857.0,0,0,0.022050135314719325
31,2,1232,1,7,4,3,3,0,39,3,3,4,4,2,7143,25713,1,1,14,3,3,0,11,2,2,11,9,4,10,1,0.3333333333333333,0,0.8333333333333334,1.1666666666666667,1785.75,0,0,0.10913954063895136
29,2,1246,2,19,3,1,3,1,77,2,2,7,3,0,8620,23757,1,0,14,3,3,2,10,3,3,10,7,0,4,4,0.0,0,0.36363636363636365,1.2727272727272727,2873.3333333333335,0,0,0.0218374146029989
37,0,1063,1,25,5,3,2,0,72,3,2,6,3,1,4449,23866,3,1,15,3,1,2,15,2,3,13,11,10,7,1,0.7142857142857143,0,0.5,1.0714285714285714,1483.0,0,1,0.5150502495489181
47,2,571,2,14,3,3,3,0,78,3,2,7,3,1,4591,24200,3,1,17,3,3,1,11,4,2,5,4,1,2,3,0.16666666666666666,0,0.3333333333333333,2.8333333333333335,1530.3333333333333,0,1,0.25738768392930406
46,2,1125,2,10,3,2,3,0,94,2,3,7,4,1,9071,11563,2,1,19,3,3,1,15,3,3,3,2,1,2,3,0.25,0,0.5,4.75,2267.75,0,0,0.05747077664582274
55,2,452,1,1,3,3,4,1,81,3,5,3,1,2,19045,18938,0,1,14,3,3,0,37,2,3,36,10,4,13,2,0.10810810810810811,0,0.35135135135135137,0.3783783783783784,3174.1666666666665,0,1,0.41172215072785723
28,2,950,1,3,3,3,4,0,93,3,3,4,2,0,7655,8039,0,0,17,3,2,3,10,3,2,9,7,1,7,4,0.1,0,0.7,1.7,1913.75,0,0,0.002173171943920871
49,2,1184,2,11,3,2,3,0,43,3,3,7,4,1,7654,5860,1,0,18,3,1,2,9,3,4,9,8,7,7,4,0.7,0,0.7,1.8,1913.5,1,0,0.003375318839467458
27,2,1291,2,11,3,3,3,0,98,4,1,8,4,1,2534,6527,8,0,14,3,2,1,5,4,3,1,0,0,0,0,0.0,0,0.0,7.0,1267.0,0,0,0.12035782566154675
48,2,1355,1,4,4,1,3,1,78,2,3,0,3,2,10999,22245,7,0,14,3,2,0,27,3,3,15,11,4,8,1,0.25,0,0.5,0.875,2749.75,0,0,0.04374447901679002
38,2,770,2,10,4,2,3,1,73,2,3,7,3,0,8740,5569,0,1,14,3,2,2,9,2,3,8,7,2,7,4,0.2222222222222222,0,0.7777777777777778,1.5555555555555556,2185.0,0,0,0.04436829262233195
46,0,1144,1,7,4,3,3,0,30,3,2,4,3,1,5258,16044,2,0,14,3,3,0,7,2,4,1,0,0,0,0,0.0,0,0.0,7.0,1752.6666666666667,0,0,0.11576938780973113
32,1,1318,2,10,4,2,4,1,79,3,2,7,4,2,4648,26075,8,0,13,3,3,0,4,2,4,0,0,0,0,0,0.0,0,0.0,13.0,1549.3333333333333,0,0,0.1914393859978009
37,2,397,1,7,4,3,1,1,30,3,3,5,3,2,13664,25258,4,0,13,3,1,0,16,3,4,5,2,0,2,3,0.0,0,0.3333333333333333,2.1666666666666665,3416.0,0,0,0.08088452567670076
45,2,252,1,1,3,4,3,1,70,4,5,3,4,1,19202,15970,0,0,11,3,3,1,25,2,3,24,0,1,7,2,0.04,0,0.28,0.44,3200.3333333333335,0,0,0.020043139657096868
35,2,763,2,15,2,3,1,1,59,1,2,7,4,0,5440,22098,6,1,14,3,4,2,7,2,2,2,2,2,2,0,0.6666666666666666,0,0.6666666666666666,4.666666666666667,1813.3333333333333,1,1,0.7767061276615781
45,2,1015,1,5,5,3,3,0,50,1,2,2,1,2,5769,23447,1,1,14,3,1,0,10,3,3,10,7,1,4,4,0.09090909090909091,0,0.36363636363636365,1.2727272727272727,1923.0,0,1,0.8068462030220133
31,0,1188,2,20,2,2,4,0,45,3,2,7,3,1,6932,24406,1,0,13,3,4,1,9,2,2,9,8,0,0,4,0.0,0,0.0,1.3,2310.6666666666665,0,0,0.08063116292957015
30,2,1176,1,20,3,4,3,1,85,3,2,4,1,1,9957,9096,0,0,15,3,3,1,7,1,2,6,2,0,2,4,0.0,0,0.2857142857142857,2.142857142857143,3319.0,0,0,0.15109188571969762
38,1,1490,1,2,2,1,4,1,42,3,1,2,4,1,1702,12106,1,1,23,4,3,1,1,3,3,1,0,0,0,0,0.0,0,0.0,11.5,851.0,0,0,0.13508824091670762
45,2,1316,1,29,3,3,3,1,83,3,1,6,4,2,3452,9752,5,0,13,3,2,0,9,2,2,6,5,0,3,4,0.0,0,0.42857142857142855,1.8571428571428572,1726.0,0,1,0.3159663341104211
59,1,1225,2,1,1,1,1,0,57,2,2,7,3,2,5473,24668,7,0,11,3,4,0,20,2,2,4,3,1,3,3,0.2,0,0.6,2.2,1824.3333333333333,0,1,0.4332546858662933
29,2,1389,1,21,4,1,2,0,51,4,3,4,1,0,9980,10195,1,0,11,3,3,1,10,1,3,10,9,8,8,4,0.7272727272727273,0,0.7272727272727273,1.0,2495.0,0,0,0.05589497391168901
49,2,809,1,1,3,1,3,1,36,3,4,3,3,2,15379,22384,4,0,14,3,1,0,23,2,3,8,7,0,0,4,0.0,0,0.0,1.5555555555555556,3075.8,0,0,0.026399123569204472
33,2,1099,1,4,4,3,1,0,82,2,1,2,2,1,3838,8192,8,0,11,3,4,0,8,5,3,5,4,0,2,3,0.0,0,0.3333333333333333,1.8333333333333333,1919.0,0,1,0.36963598711733997
56,2,1255,1,1,2,1,1,0,90,3,1,6,1,1,2066,10494,2,0,22,4,4,1,5,3,4,3,2,1,0,3,0.25,0,0.0,5.5,1033.0,0,0,0.11090129398023528
34,2,943,1,9,3,1,4,1,86,3,3,0,4,0,8500,5494,0,0,11,3,4,1,10,0,2,9,7,1,6,4,0.1,0,0.6,1.1,2125.0,0,0,0.005288746582970844
51,1,968,1,6,2,3,2,0,40,2,1,2,3,2,2838,4257,0,0,14,3,2,0,8,6,2,7,0,7,7,4,0.875,0,0.875,1.75,1419.0,0,1,0.5774515554710176
53,0,661,1,1,4,3,1,0,60,2,4,4,3,1,12965,22308,4,1,20,4,4,3,27,2,2,3,2,0,2,3,0.0,0,0.5,5.0,2593.0,0,0,0.01738973482328615
38,1,240,1,2,4,1,1,0,75,4,2,4,1,2,5980,26085,6,1,12,3,4,0,17,2,3,15,7,4,12,1,0.25,0,0.75,0.75,1993.3333333333333,0,1,0.676028115510323
19,2,489,0,2,2,5,1,1,52,2,1,1,4,2,2564,18437,1,0,12,3,3,0,1,3,4,1,0,0,0,0,0.0,0,0.0,6.0,1282.0,1,1,0.3366295631120639
25,2,1356,2,10,4,1,3,1,57,3,2,7,4,2,4950,20623,0,0,14,3,2,0,5,4,3,4,3,1,1,3,0.2,0,0.2,2.8,1650.0,0,0,0.0444459565532352
39,1,203,1,2,3,1,1,1,84,3,4,0,4,0,12169,13547,7,0,11,3,4,3,21,4,3,18,7,11,5,1,0.5789473684210527,0,0.2631578947368421,0.5789473684210527,2433.8,1,0,0.012237079767715037
39,2,408,1,2,4,5,4,0,80,2,2,0,3,2,4553,20978,1,0,11,3,1,0,20,4,3,20,7,11,10,1,0.5238095238095238,0,0.47619047619047616,0.5238095238095238,1517.6666666666667,0,1,0.2626018378215946
31,2,218,2,7,3,5,2,1,100,4,2,7,4,1,6929,12241,4,0,11,3,2,1,10,3,2,8,7,7,7,4,0.7777777777777778,0,0.7777777777777778,1.2222222222222223,2309.6666666666665,0,0,0.044121005690602566
29,1,574,1,20,1,3,4,1,40,3,1,2,4,1,3812,7003,1,0,13,3,2,0,11,3,4,11,8,3,10,1,0.25,0,0.8333333333333334,1.0833333333333333,1906.0,0,0,0.02999781922214909
18,0,1431,1,14,3,3,2,0,33,3,1,6,3,2,1514,8018,1,0,16,3,3,0,0,4,1,0,0,0,0,0,0.0,0,0.0,16.0,757.0,0,1,0.9121188237436142
60,1,1499,2,28,3,2,3,0,80,2,3,7,1,1,10266,2845,4,0,19,3,4,0,22,5,4,18,13,13,11,1,0.6842105263157895,0,0.5789473684210527,1.0,2566.5,0,0,0.11557550888432497
33,1,827,1,29,4,3,1,0,54,2,2,6,3,2,4508,3129,1,0,22,4,2,0,14,4,3,13,7,3,8,1,0.21428571428571427,0,0.5714285714285714,1.5714285714285714,1502.6666666666667,1,1,0.24413433850713864
26,2,1384,1,3,4,3,1,1,82,4,1,2,4,1,4420,13421,1,0,22,4,2,1,8,2,3,8,7,0,7,4,0.0,0,0.7777777777777778,2.4444444444444446,2210.0,0,0,0.0034891455087745432
34,2,285,1,29,3,3,2,1,86,3,2,2,3,1,5429,17491,4,0,13,3,1,2,10,1,3,8,7,7,7,4,0.7777777777777778,0,0.7777777777777778,1.4444444444444444,1809.6666666666667,0,0,0.14793209662279258
21,2,996,1,3,2,3,4,1,100,2,1,6,3,2,3230,10531,1,0,17,3,1,0,3,4,4,3,2,1,0,3,0.25,0,0.0,4.25,1615.0,0,0,0.16029416502453503
31,1,534,1,20,3,1,1,1,66,3,3,0,3,1,9824,22908,3,0,12,3,1,0,12,2,3,1,0,0,0,0,0.0,0,0.0,6.0,2456.0,1,1,0.3932641676331996
42,2,544,0,2,1,5,3,1,52,3,1,1,3,0,2696,24017,0,1,11,3,3,1,4,5,3,3,2,1,0,3,0.25,0,0.0,2.75,1348.0,0,1,0.22231985909261562
50,2,939,1,24,3,1,4,1,95,3,4,4,3,1,13973,4161,3,1,18,3,4,1,22,2,3,12,11,1,5,1,0.07692307692307693,0,0.38461538461538464,1.3846153846153846,2794.6,0,0,0.011971109621472287
28,1,791,1,1,4,3,4,1,44,3,1,2,3,2,2154,6842,0,1,11,3,3,0,5,2,2,4,2,0,2,3,0.0,0,0.4,2.2,1077.0,0,1,0.45158157704220814
42,2,319,1,24,3,3,4,1,56,3,3,4,1,1,7406,6950,1,1,21,4,4,1,10,5,2,10,9,5,8,4,0.45454545454545453,0,0.7272727272727273,1.9090909090909092,1851.5,0,0,0.036541444870595685
36,0,894,1,1,4,3,4,0,33,2,2,4,3,1,4374,15411,0,0,15,3,3,0,4,6,3,3,2,1,2,3,0.25,0,0.5,3.75,1458.0,0,0,0.051276624689923264
27,1,994,2,8,3,1,4,1,37,3,3,7,3,2,8726,2975,1,0,15,3,4,0,9,0,3,9,8,1,7,4,0.1,0,0.7,1.5,2181.5,0,0,0.0156419795225463
49,2,465,1,6,1,1,3,0,41,2,4,0,3,1,13966,11652,2,1,19,3,2,1,30,3,3,15,11,2,12,1,0.125,0,0.75,1.1875,2793.2,0,0,0.023908605482143658
32,0,953,1,5,4,5,2,1,65,3,1,6,2,2,2718,17674,2,0,14,3,2,0,12,3,3,7,7,0,7,4,0.0,0,0.875,1.75,1359.0,0,0,0.17786903854019717
54,1,928,1,20,4,1,4,0,31,3,2,6,3,2,4869,16885,3,0,12,3,4,0,20,4,2,4,3,0,3,3,0.0,0,0.6,2.4,1623.0,0,0,0.034467481981673244
21,1,251,1,10,2,1,1,0,45,2,1,2,3,2,2625,25308,1,0,20,4,3,0,2,2,1,2,2,2,2,0,0.6666666666666666,0,0.6666666666666666,6.666666666666667,1312.5,1,1,0.8437311199172836
32,2,827,1,1,1,1,4,1,71,3,1,6,1,2,2956,15178,1,0,13,3,4,0,1,2,3,1,0,0,0,0,0.0,0,0.0,6.5,1478.0,0,1,0.3257439804260585
25,2,240,2,5,3,2,3,1,46,2,2,7,3,2,5744,26959,1,1,11,3,4,0,6,1,3,6,4,0,3,4,0.0,0,0.42857142857142855,1.5714285714285714,1914.6666666666667,1,1,0.4600472707957171
32,2,906,2,7,3,1,4,1,91,2,2,7,3,1,5484,16985,1,0,14,3,3,1,13,3,2,13,8,4,8,1,0.2857142857142857,0,0.5714285714285714,1.0,1828.0,0,0,0.06295666147418863
46,2,377,2,9,3,2,1,1,52,3,3,7,4,0,10096,15986,4,0,11,3,1,1,28,1,4,7,7,4,3,4,0.5,0,0.375,1.375,2524.0,1,0,0.021522569400271852
56,2,713,1,8,3,1,3,0,67,3,1,6,1,0,4257,13939,4,1,18,3,3,1,19,3,3,2,2,2,2,0,0.6666666666666666,0,0.6666666666666666,6.0,2128.5,0,1,0.3383370533800406
32,2,515,1,1,3,1,4,1,62,2,1,2,3,2,3730,9571,0,1,14,3,4,0,4,2,1,3,2,1,2,3,0.25,1,0.5,3.5,1865.0,1,1,0.45446157756375716
39,2,1498,2,21,4,1,1,1,44,2,2,7,4,1,6120,3567,3,1,12,3,4,2,8,2,4,5,4,1,4,3,0.16666666666666666,0,0.6666666666666666,2.0,2040.0,0,0,0.07771988277107512
25,2,688,1,3,3,3,1,1,91,3,1,2,1,1,4031,9396,5,0,13,3,3,1,6,5,3,2,2,0,2,0,0.0,0,0.6666666666666666,4.333333333333333,2015.5,1,0,0.12139358524636362
31,2,1003,2,5,3,5,1,1,51,3,2,7,3,1,8346,20943,1,0,19,3,3,1,6,3,3,5,2,0,2,3,0.0,0,0.3333333333333333,3.1666666666666665,2782.0,0,0,0.050614192463309254
22,2,594,1,2,1,5,3,1,100,3,1,2,4,1,2523,19299,0,0,14,3,3,1,3,2,3,2,1,2,1,0,0.6666666666666666,0,0.3333333333333333,4.666666666666667,1261.5,0,0,0.08735370886687527
46,2,430,1,1,4,3,4,1,40,3,5,5,4,0,19627,21445,9,0,17,3,4,2,23,0,3,2,2,2,2,0,0.6666666666666666,0,0.6666666666666666,5.666666666666667,3271.1666666666665,0,0,0.003632668066014063
32,2,1062,1,2,3,3,3,0,75,3,1,2,2,1,2370,3956,1,0,13,3,3,1,8,4,3,8,0,0,7,4,0.0,0,0.7777777777777778,1.4444444444444444,1185.0,0,0,0.06206172199122554
38,2,903,1,2,3,3,3,1,81,3,2,4,2,1,4855,7653,4,0,11,3,1,2,7,2,3,5,2,1,4,3,0.16666666666666666,0,0.6666666666666666,1.8333333333333333,1618.3333333333333,1,0,0.04433864541738972
34,2,258,2,21,4,1,4,1,74,4,2,7,4,2,5337,19921,1,0,12,3,4,0,10,3,3,10,7,5,7,4,0.45454545454545453,0,0.6363636363636364,1.0909090909090908,1779.0,0,0,0.01437838136354482
45,0,589,2,2,4,1,3,0,67,3,2,7,3,1,5154,19665,4,0,22,4,2,2,10,3,4,8,7,5,7,4,0.5555555555555556,0,0.7777777777777778,2.4444444444444446,1718.0,0,0,0.005574431344370436
49,2,464,1,16,3,3,4,0,74,3,1,2,1,0,2587,24941,4,1,16,3,2,1,17,2,2,2,2,2,2,0,0.6666666666666666,0,0.6666666666666666,5.333333333333333,1293.5,0,1,0.7529772995704745
34,2,1157,1,5,2,3,2,1,57,2,2,2,4,1,3986,11912,1,0,14,3,3,1,15,3,4,15,10,4,13,1,0.25,0,0.8125,0.875,1328.6666666666667,0,0,0.013319532740181406
30,2,946,1,2,3,3,3,0,52,2,2,4,4,2,6877,20234,5,1,24,4,2,0,12,4,2,0,0,0,0,0,0.0,0,0.0,24.0,2292.3333333333335,0,1,0.6447910708343219
30,2,125,1,9,2,3,4,1,83,2,1,2,3,2,2206,16117,1,0,13,3,1,0,10,5,3,10,0,1,8,4,0.09090909090909091,0,0.7272727272727273,1.1818181818181819,1103.0,0,1,0.32276045034478
39,2,835,1,19,4,4,4,1,41,3,2,6,4,0,3902,5141,8,0,14,3,2,3,7,2,3,2,2,2,2,0,0.6666666666666666,0,0.6666666666666666,4.666666666666667,1300.6666666666667,0,0,0.018686615890565052
50,2,1099,1,29,4,1,2,1,88,2,4,3,3,1,17046,9314,0,0,15,3,2,1,28,2,3,27,10,15,7,2,0.5357142857142857,0,0.25,0.5357142857142857,3409.2,0,1,0.33638014788293785
35,2,1296,1,5,4,5,3,1,62,3,3,4,2,2,8095,18264,0,0,13,3,4,0,17,5,3,16,6,0,13,1,0.0,0,0.7647058823529411,0.7647058823529411,2023.75,0,0,0.011911975453579818
37,2,1319,1,6,3,3,3,1,51,4,2,6,1,0,5974,17001,4,1,13,3,1,2,13,2,3,7,7,6,7,4,0.75,0,0.875,1.625,1991.3333333333333,0,0,0.11321648369880496
40,2,1137,1,1,4,1,1,1,98,3,4,3,1,0,16823,18991,2,0,11,3,1,1,22,3,3,19,7,11,16,1,0.55,0,0.8,0.55,3364.6,0,0,0.1846549723694314
35,2,1490,1,11,4,3,4,1,43,3,1,2,3,1,2660,20232,7,1,11,3,3,1,5,3,3,2,2,2,2,0,0.6666666666666666,0,0.6666666666666666,3.6666666666666665,1330.0,0,1,0.36127484883630495
24,2,477,1,24,3,3,4,1,49,3,1,2,2,2,3597,6409,8,0,22,4,4,0,6,2,3,4,3,1,2,3,0.2,0,0.4,4.4,1798.5,0,0,0.15397677658574047
32,2,1018,1,2,4,3,1,0,74,4,2,6,4,2,5055,10557,7,0,16,3,3,0,10,0,2,7,7,0,7,4,0.0,0,0.875,2.0,1685.0,0,0,0.08087654082351245
34,2,1440,2,7,2,5,2,1,55,3,1,8,3,1,2308,4944,0,1,25,4,2,1,12,4,3,11,10,5,7,1,0.4166666666666667,0,0.5833333333333334,2.0833333333333335,1154.0,0,0,0.08683440527275904
34,2,1351,1,1,4,1,2,1,45,3,2,6,4,1,5484,13008,9,0,17,3,2,1,9,3,2,2,2,2,1,0,0.6666666666666666,0,0.3333333333333333,5.666666666666667,1828.0,0,0,0.18118442624919712
57,2,334,1,24,2,1,3,1,83,4,3,0,4,0,9439,23402,3,1,16,3,2,1,12,2,1,5,3,1,4,3,0.16666666666666666,1,0.6666666666666666,2.6666666666666665,2359.75,0,0,0.08594046544953983
41,2,796,2,4,1,2,3,0,81,3,3,7,3,0,10447,26458,0,1,13,3,4,1,23,3,4,22,14,13,5,2,0.5652173913043478,0,0.21739130434782608,0.5652173913043478,2611.75,0,0,0.055897394020962554
24,1,567,1,2,1,5,1,0,32,3,1,6,4,2,3760,17218,1,1,13,3,3,0,6,2,3,6,3,1,3,4,0.14285714285714285,0,0.42857142857142855,1.8571428571428572,1880.0,0,1,0.6390698456848236
56,2,1369,1,23,3,1,4,1,68,3,4,4,2,1,13402,18235,4,1,12,3,1,1,33,0,3,19,16,15,9,1,0.75,0,0.45,0.6,2680.4,0,0,0.1800515022967439
28,2,304,2,9,4,1,2,1,92,3,2,7,4,2,5253,20750,1,0,16,3,4,0,7,1,3,7,5,0,7,4,0.0,0,0.875,2.0,1751.0,0,0,0.035435897064765305
42,2,532,1,4,2,5,3,1,58,3,5,3,4,1,19232,4933,1,0,11,3,4,0,22,3,3,22,17,11,15,2,0.4782608695652174,0,0.6521739130434783,0.4782608695652174,3205.3333333333335,0,0,0.005215075232421957
39,2,1089,1,6,3,1,2,0,32,3,3,4,2,2,8376,9150,4,0,18,3,4,0,9,3,3,2,0,2,2,0,0.6666666666666666,0,0.6666666666666666,6.0,2094.0,0,0,0.1026598715097087
35,2,1232,2,16,3,2,3,1,96,3,3,7,2,1,8020,5100,0,0,15,3,3,2,12,3,2,11,9,6,9,1,0.5,0,0.75,1.25,2005.0,0,0,0.012473694044740179
27,0,443,1,3,3,3,4,1,50,3,1,6,4,1,1706,16571,1,0,11,3,3,3,0,6,2,0,0,0,0,0,0.0,0,0.0,11.0,853.0,0,0,0.036718676972003796
40,2,448,1,16,3,1,3,0,84,3,3,4,4,2,7945,19948,6,1,15,3,4,0,18,2,2,4,2,3,3,3,0.6,0,0.6,3.0,1986.25,0,1,0.2690513700418781
50,2,1046,1,10,3,5,4,1,100,2,3,0,4,2,10496,2755,6,0,15,3,4,0,20,2,3,4,3,1,3,3,0.2,0,0.6,3.0,2624.0,0,0,0.010372060477594593
46,2,261,1,21,2,3,4,0,66,3,2,0,2,1,8926,10842,4,0,22,4,4,1,13,2,4,9,7,3,7,4,0.3,0,0.7,2.2,2975.3333333333335,1,0,0.004131734943008575
28,2,857,1,10,3,4,3,0,59,3,2,6,3,2,3660,7909,3,0,13,3,4,0,10,4,4,8,7,1,7,4,0.1111111111111111,0,0.7777777777777778,1.4444444444444444,1220.0,0,0,0.012263649931849469
40,2,1194,1,1,3,1,3,0,52,3,2,0,4,0,6513,9060,4,0,17,3,4,1,12,3,3,5,3,0,3,3,0.0,0,0.5,2.8333333333333335,2171.0,0,0,0.004688251338511262
59,2,1435,2,25,3,1,1,0,99,3,3,7,1,2,7637,2354,7,0,11,3,4,0,28,3,2,21,16,7,9,2,0.3181818181818182,0,0.4090909090909091,0.5,1909.25,0,1,0.37223542203199467
29,2,332,0,17,3,4,2,1,51,2,3,1,1,2,7988,9769,1,0,13,3,1,0,10,3,2,10,9,0,9,4,0.0,0,0.8181818181818182,1.1818181818181819,1997.0,0,1,0.29268358113887677
42,2,557,1,18,4,1,4,1,35,3,2,6,1,0,5410,11189,6,1,17,3,3,1,9,3,2,4,3,1,2,3,0.2,0,0.4,3.4,1803.3333333333333,0,1,0.5164181811117752
28,2,1083,1,29,1,1,3,1,96,1,2,4,2,1,6549,3173,1,0,14,3,2,2,8,2,2,8,6,1,7,4,0.1111111111111111,0,0.7777777777777778,1.5555555555555556,2183.0,0,1,0.20407895690572156
44,0,111,1,17,3,1,4,1,74,1,1,6,3,2,2290,4279,2,0,13,3,4,0,6,3,3,0,0,0,0,0,0.0,0,0.0,13.0,1145.0,0,1,0.7456194488530031
48,2,969,1,2,2,5,4,1,76,4,1,2,2,2,2559,16620,5,0,11,3,3,0,7,4,2,1,0,0,0,0,0.0,0,0.0,5.5,1279.5,0,0,0.19668517424980458
42,1,570,1,8,3,1,2,1,66,3,5,3,4,0,18430,16225,1,0,13,3,2,1,24,4,2,24,7,14,9,2,0.56,0,0.36,0.52,3071.6666666666665,0,0,0.12973962202338718
35,2,817,1,1,3,3,4,0,60,2,2,2,4,1,5363,10846,0,0,12,3,2,1,10,0,3,9,7,0,0,4,0.0,0,0.0,1.2,1787.6666666666667,0,0,0.03537244852595687
38,2,1261,1,2,4,1,4,1,88,3,2,4,3,1,6553,7259,9,0,14,3,2,0,14,3,3,1,0,0,0,0,0.0,0,0.0,7.0,2184.3333333333335,0,0,0.08906496308491298
44,0,381,1,24,3,3,1,1,49,1,1,2,3,2,3708,2104,2,0,14,3,3,0,9,5,3,5,2,1,4,3,0.16666666666666666,0,0.6666666666666666,2.3333333333333335,1854.0,0,1,0.625652066033528
35,1,1182,2,11,2,2,4,1,54,3,2,7,4,0,4968,18500,1,0,11,3,4,1,5,3,3,5,2,0,2,3,0.0,0,0.3333333333333333,1.8333333333333333,1656.0,0,0,0.016626189459391785
34,2,131,2,2,3,2,3,0,86,3,2,7,1,2,4538,6039,0,1,12,3,4,0,4,3,3,3,2,0,2,3,0.0,0,0.5,3.0,1512.6666666666667,0,1,0.3102389367062202
41,2,314,0,1,3,0,4,1,59,2,5,3,3,1,19189,19562,1,0,12,3,2,1,22,3,3,22,7,2,10,2,0.08695652173913043,0,0.43478260869565216,0.5217391304347826,3198.1666666666665,0,0,0.031104349423653668
53,2,970,1,7,3,1,3,1,59,4,4,5,3,1,14814,13514,3,0,19,3,3,0,32,3,3,5,1,1,3,3,0.16666666666666666,0,0.5,3.1666666666666665,2962.8,0,0,0.003105919222935608
33,2,924,1,2,3,3,3,1,78,3,1,2,4,2,2496,6670,4,0,11,3,4,0,7,3,3,1,1,0,0,0,0.0,0,0.0,5.5,1248.0,0,0,0.08142806142077039
35,1,853,2,18,5,1,2,1,71,3,3,7,1,1,9069,11031,1,0,22,4,4,1,9,3,2,9,8,1,8,4,0.1,0,0.8,2.2,2267.25,0,0,0.020510040281908476
26,0,786,1,7,3,3,4,1,76,3,1,2,4,2,2570,11925,1,0,20,4,3,0,7,5,3,7,7,5,7,4,0.625,0,0.875,2.5,1285.0,0,0,0.01144660326343888
42,1,748,1,9,2,3,1,0,74,3,1,2,4,2,3673,16458,1,0,13,3,3,0,12,3,3,12,9,5,8,1,0.38461538461538464,0,0.6153846153846154,1.0,1836.5,0,0,0.15200395028446376
60,2,422,1,7,3,1,1,0,41,3,5,3,1,1,19566,3854,5,0,11,3,4,0,33,5,1,29,8,11,10,2,0.36666666666666664,0,0.3333333333333333,0.36666666666666664,3261.0,0,1,0.7151815749011351
42,1,288,1,2,3,1,4,1,40,3,3,0,4,1,10124,18611,2,1,14,3,3,1,24,3,1,20,8,13,9,1,0.6190476190476191,1,0.42857142857142855,0.6666666666666666,2531.0,0,0,0.1481431513960075
34,1,296,2,6,2,2,4,0,33,1,1,8,3,0,2351,12253,0,0,16,3,4,1,3,3,2,2,2,1,0,0,0.3333333333333333,0,0.0,5.333333333333333,1175.5,1,1,0.5375307539127565
25,2,882,1,19,1,3,4,1,67,3,1,2,4,1,3669,9075,3,0,11,3,3,3,7,6,2,3,2,1,2,3,0.25,0,0.5,2.75,1834.5,0,0,0.005540574650510394
38,2,130,2,2,2,2,4,1,32,3,3,7,2,2,7351,20619,7,0,16,3,3,0,10,2,3,1,0,0,0,0,0.0,0,0.0,8.0,1837.75,0,0,0.17387074102745873
31,0,325,1,5,3,3,2,1,74,3,2,4,1,2,9936,3787,0,0,19,3,2,0,10,2,3,9,4,1,7,4,0.1,0,0.7,1.9,3312.0,0,0,0.1783985687731793
30,0,1116,1,2,3,3,3,0,49,3,1,2,4,2,2564,7181,0,0,14,3,3,0,12,2,2,11,7,6,7,1,0.5,0,0.5833333333333334,1.1666666666666667,1282.0,0,0,0.19202673763107353
36,0,845,2,1,5,3,4,0,45,3,2,7,4,2,6653,15276,4,0,15,3,2,0,7,6,3,1,0,0,0,0,0.0,0,0.0,7.5,2217.6666666666665,0,0,0.05041212946178564
40,2,1202,1,2,1,3,2,0,89,4,2,0,3,0,6377,13888,5,0,20,4,2,3,15,0,3,12,11,11,8,1,0.8461538461538461,0,0.6153846153846154,1.5384615384615385,2125.6666666666665,0,0,0.004111702620308033
31,2,106,0,2,3,0,1,1,62,2,2,1,1,1,6410,17822,3,0,12,3,4,0,9,1,3,2,2,1,0,0,0.3333333333333333,0,0.0,4.0,2136.6666666666665,0,1,0.6034869005874982
49,2,1490,1,7,4,1,3,1,35,3,3,0,2,0,10466,20948,3,0,14,3,2,2,29,3,3,8,7,0,7,4,0.0,0,0.7777777777777778,1.5555555555555556,2616.5,0,0,0.001332188437475912
44,0,489,1,23,3,3,2,1,67,3,2,2,2,1,2042,25043,4,0,12,3,3,1,17,3,4,3,2,1,2,3,0.25,0,0.5,3.0,680.6666666666666,0,0,0.11400077889716492
24,1,1287,1,7,3,1,1,0,55,3,1,2,3,1,2886,14168,1,1,16,3,4,1,6,4,3,6,3,1,2,4,0.14285714285714285,0,0.2857142857142857,2.2857142857142856,1443.0,1,1,0.3493746901589094
37,0,728,1,1,4,3,1,0,80,3,3,5,4,0,13603,11677,2,1,18,3,1,2,15,2,3,5,2,0,2,3,0.0,0,0.3333333333333333,3.0,3400.75,0,0,0.08912140975009829
29,1,115,2,13,3,5,1,0,51,3,2,7,2,2,5765,17485,5,0,11,3,1,0,7,4,1,5,3,0,0,3,0.0,0,0.0,1.8333333333333333,1921.6666666666667,1,1,0.896320850402739
38,1,508,1,6,4,1,1,1,72,2,2,4,3,1,5321,14284,2,0,11,3,4,1,10,1,3,8,3,7,7,4,0.7777777777777778,0,0.7777777777777778,1.2222222222222223,1773.6666666666667,0,1,0.2843465386571991
27,2,1103,1,14,3,1,1,1,42,3,1,6,1,1,2235,14377,1,1,14,3,4,2,9,3,2,9,7,6,8,4,0.6,0,0.8,1.4,1117.5,0,1,0.614443014989007
30,2,855,2,7,4,2,4,0,73,3,2,7,1,0,4779,12761,7,0,14,3,2,2,8,3,3,3,2,0,2,3,0.0,0,0.5,3.5,1593.0,0,0,0.05340701033663926
32,2,824,1,5,2,1,4,0,67,2,2,6,2,1,5878,15624,3,0,12,3,1,1,12,2,3,7,1,2,5,4,0.25,0,0.625,1.5,1959.3333333333333,0,0,0.19281427942881862
35,0,1212,2,8,2,2,3,0,78,2,3,7,4,1,10377,13755,4,1,11,3,2,1,16,6,2,13,2,4,12,1,0.2857142857142857,0,0.8571428571428571,0.7857142857142857,2594.25,0,1,0.3625306254190579
33,2,461,1,13,1,1,2,0,53,3,1,6,4,2,3452,17241,3,0,18,3,1,0,5,4,3,3,2,0,2,3,0.0,0,0.5,4.5,1726.0,0,1,0.2334461851013278
40,1,720,1,16,4,3,1,1,51,2,2,2,3,2,5094,11983,6,0,14,3,4,0,10,6,3,1,0,0,0,0,0.0,0,0.0,7.0,1698.0,0,1,0.3352608639347042
31,2,1365,2,13,4,3,2,1,46,3,2,7,1,0,4233,11512,2,0,17,3,3,0,9,2,1,3,1,1,2,3,0.25,0,0.5,4.25,1411.0,1,1,0.6442668666932058
45,1,364,1,25,3,3,2,0,83,3,5,3,2,2,18061,13035,3,0,22,4,3,0,22,4,3,0,0,0,0,0,0.0,0,0.0,22.0,3010.1666666666665,0,0,0.10019013247297544
34,2,937,2,1,3,2,1,1,32,3,3,7,4,2,9888,6770,1,0,21,4,1,0,14,3,2,14,8,2,1,1,0.13333333333333333,0,0.06666666666666667,1.4,2472.0,0,0,0.06788365183322626
42,2,188,1,29,3,3,2,1,56,1,2,2,4,2,4272,9558,4,0,19,3,1,0,16,3,3,1,0,0,0,0,0.0,0,0.0,9.5,1424.0,0,1,0.6610079174608517
39,2,170,1,3,2,3,3,1,76,2,2,2,3,0,3069,10302,0,0,15,3,4,1,11,3,3,10,8,0,7,4,0.0,0,0.6363636363636364,1.3636363636363635,1023.0,0,0,0.015033156165762132
56,0,667,1,1,4,1,3,1,57,3,2,0,3,0,6306,26236,1,0,21,4,1,1,13,2,2,13,12,1,9,1,0.07142857142857142,0,0.6428571428571429,1.5,2102.0,0,0,0.01575490354576896
25,2,1219,1,4,1,5,4,1,32,3,1,2,4,1,3691,4605,1,1,15,3,2,1,7,3,4,7,7,5,6,4,0.625,0,0.75,1.875,1845.5,1,0,0.030590463780478947
59,2,715,1,2,3,1,3,0,69,2,4,4,4,2,13726,21829,3,1,13,3,1,0,30,4,3,5,3,4,3,3,0.6666666666666666,0,0.5,2.1666666666666665,2745.2,0,0,0.08597808828546946
44,2,1315,1,3,4,4,4,1,35,3,5,3,4,1,19513,9358,4,1,12,3,1,1,26,2,4,2,2,0,1,0,0.0,0,0.3333333333333333,4.0,3252.1666666666665,0,0,0.0056280256717469454
33,2,465,1,2,2,1,1,0,39,3,1,2,1,1,2707,21509,7,0,20,4,1,0,13,3,4,9,7,1,7,4,0.1,0,0.7,2.0,1353.5,1,1,0.2757919933540679
34,1,648,0,11,3,1,3,1,56,2,2,1,2,1,4490,21833,4,0,11,3,4,2,14,5,4,10,9,1,8,4,0.09090909090909091,0,0.7272727272727273,1.0,1496.6666666666667,0,0,0.006857531907448762
26,2,1146,2,8,3,5,4,1,38,2,2,7,1,2,5326,3064,6,0,17,3,3,0,6,2,2,4,3,1,2,3,0.2,0,0.4,3.4,1775.3333333333333,1,1,0.5177221070002677
44,2,1199,1,4,2,1,3,1,92,4,5,3,1,0,19190,17477,1,0,14,3,4,2,26,4,2,25,9,14,13,2,0.5384615384615384,0,0.5,0.5384615384615384,3198.3333333333335,0,0,0.016718766928042892
37,2,482,1,3,3,4,3,1,36,3,3,4,3,1,9434,9606,1,0,15,3,3,1,10,2,3,10,7,7,8,4,0.6363636363636364,0,0.7272727272727273,1.3636363636363635,2358.5,0,0,0.015024832584697579
54,2,157,1,10,3,3,3,0,77,3,2,4,1,2,4440,25198,6,1,19,3,4,0,9,3,3,5,2,1,4,3,0.16666666666666666,0,0.6666666666666666,3.1666666666666665,1480.0,0,1,0.575643292724755
34,2,1303,1,2,4,1,4,1,62,2,1,6,3,0,2768,8416,3,0,12,3,3,1,14,3,3,7,3,5,7,4,0.625,0,0.875,1.5,1384.0,0,0,0.06115415187710307
36,1,1302,1,6,4,1,1,1,80,4,2,2,1,1,5562,19711,3,1,13,3,4,1,9,3,3,3,2,0,2,3,0.0,0,0.5,3.25,1854.0,0,0,0.1767071648781908
40,0,1151,1,9,5,1,4,1,63,2,2,0,4,1,4876,14242,9,0,14,3,4,1,5,5,1,3,2,0,2,3,0.0,0,0.5,3.5,1625.3333333333333,0,0,0.10592651082032535
49,1,1023,2,2,3,3,4,1,63,2,2,7,2,1,5390,13243,2,0,14,3,4,0,17,3,2,9,6,0,8,4,0.0,0,0.8,1.4,1796.6666666666667,0,0,0.06595615416288692
39,0,439,1,9,3,1,3,1,70,3,2,2,2,2,6782,8770,9,0,15,3,3,0,9,2,2,5,4,0,3,3,0.0,0,0.5,2.5,2260.6666666666665,0,1,0.3714190813713556
41,2,427,0,10,4,0,2,1,73,2,5,3,4,0,19141,8861,3,0,15,3,2,3,23,2,2,21,6,12,6,2,0.5454545454545454,0,0.2727272727272727,0.6818181818181818,3190.1666666666665,0,0,0.07376884797521581
52,0,771,2,2,4,1,1,1,79,2,5,3,3,2,19068,21030,1,1,18,3,4,0,33,2,4,33,7,15,12,2,0.4411764705882353,0,0.35294117647058826,0.5294117647058824,3178.0,0,1,0.7831596701336072
31,2,655,1,7,4,1,4,1,48,3,2,2,4,0,5915,9528,3,0,22,4,4,1,10,3,2,7,7,1,7,4,0.125,0,0.875,2.75,1971.6666666666667,0,0,0.0015931042442323734
40,2,369,1,8,2,1,2,0,92,3,2,4,1,1,6516,5041,2,1,16,3,2,1,18,3,3,1,0,0,0,0,0.0,0,0.0,8.0,2172.0,0,1,0.41437551004330775
30,2,1275,1,28,2,3,4,0,64,3,2,6,4,1,5775,11934,1,0,13,3,4,2,11,2,3,10,8,1,9,4,0.09090909090909091,0,0.8181818181818182,1.1818181818181819,1925.0,0,0,0.003460239882070926
29,2,1283,1,23,3,1,4,1,54,3,1,6,4,2,2201,18168,9,0,16,3,4,0,6,4,3,3,2,1,2,3,0.25,0,0.5,4.0,1100.5,0,0,0.1725486440613553
58,2,289,1,2,3,5,4,1,51,3,1,6,3,2,2479,26227,4,0,24,4,1,0,7,4,3,1,0,0,0,0,0.0,0,0.0,12.0,1239.5,1,0,0.18140359615277066
40,1,1469,1,9,4,3,4,1,35,3,1,6,2,0,3617,25063,8,1,14,3,4,1,3,2,3,1,1,0,0,0,0.0,0,0.0,7.0,1808.5,0,1,0.6494652753221176
43,2,1291,1,15,2,1,3,1,65,2,4,5,3,1,17603,3525,1,0,24,4,1,1,14,3,3,14,10,6,11,1,0.4,0,0.7333333333333333,1.6,3520.6,0,0,0.01280621244074143
37,2,342,2,16,4,2,4,1,66,2,2,7,3,0,6334,24558,4,0,19,3,4,2,9,2,3,1,0,0,0,0,0.0,0,0.0,9.5,2111.3333333333335,0,0,0.06266263040814017
30,2,1465,1,1,3,3,4,1,63,3,1,6,2,1,3579,9369,0,1,21,4,1,1,12,2,3,11,9,5,7,1,0.4166666666666667,0,0.5833333333333334,1.75,1789.5,0,0,0.07709175860116714
30,0,990,1,7,3,5,3,1,64,3,1,6,3,0,1274,7152,1,0,13,3,2,2,1,2,2,1,0,0,0,0,0.0,0,0.0,6.5,637.0,0,1,0.38037234375712603
34,1,653,1,10,4,5,4,1,92,2,2,0,3,1,5063,15332,1,0,14,3,2,1,8,3,2,8,2,7,7,4,0.7777777777777778,0,0.7777777777777778,1.5555555555555556,1687.6666666666667,0,0,0.18394367380895926
33,1,1111,2,5,1,1,2,1,61,3,2,7,4,1,9998,19293,6,0,13,3,1,0,8,2,4,5,4,1,2,3,0.16666666666666666,0,0.3333333333333333,2.1666666666666665,3332.6666666666665,0,0,0.11219322338133046
49,2,527,1,8,2,4,1,0,51,3,3,2,2,1,7403,22477,4,0,11,3,3,1,29,3,2,26,9,1,7,2,0.037037037037037035,0,0.25925925925925924,0.4074074074074074,1850.75,0,1,0.3369318977972198
50,2,854,2,1,4,3,4,0,68,3,5,3,4,0,19517,24118,3,0,11,3,3,1,32,3,2,7,0,0,6,4,0.0,0,0.75,1.375,3252.8333333333335,0,0,0.0022692874729425545
30,0,1398,2,22,4,4,3,0,69,3,3,7,1,1,8412,2890,0,0,11,3,3,0,10,3,3,9,8,7,8,4,0.7,0,0.8,1.1,2103.0,0,0,0.13664721284335898
35,1,138,1,2,3,3,2,0,37,3,2,2,2,2,4425,15986,5,0,11,3,4,0,10,5,3,6,2,1,2,4,0.14285714285714285,0,0.2857142857142857,1.5714285714285714,1475.0,0,0,0.17784560409997374
47,0,543,2,2,4,2,3,1,87,3,2,7,2,1,4978,3536,7,0,11,3,4,1,4,3,1,1,0,0,0,0,0.0,0,0.0,5.5,1659.3333333333333,0,1,0.4562532732816227
35,2,1214,1,1,3,3,2,1,30,2,1,6,3,2,2859,26278,1,0,18,3,1,0,6,3,3,6,4,0,4,4,0.0,0,0.5714285714285714,2.5714285714285716,1429.5,0,1,0.3359826075524363
49,1,1064,1,2,1,1,2,1,42,3,5,5,4,1,19161,13738,3,0,15,3,4,0,28,3,3,5,4,4,3,3,0.6666666666666666,0,0.5,2.5,3193.5,0,0,0.008069519309024692
43,2,990,1,27,3,5,4,1,87,4,1,2,2,0,4876,5855,5,0,12,3,3,1,8,0,3,6,4,0,2,4,0.0,0,0.2857142857142857,1.7142857142857142,2438.0,0,0,0.07296172771641485
34,1,658,1,7,3,1,1,1,66,1,2,2,3,2,6074,22887,1,1,24,4,4,0,9,3,3,9,7,0,6,4,0.0,0,0.6,2.4,2024.6666666666667,1,1,0.31814127483053
30,2,979,2,15,2,2,3,1,94,2,3,7,1,0,7140,3088,2,0,11,3,1,1,12,2,3,7,7,1,7,4,0.125,0,0.875,1.375,1785.0,0,0,0.0831116582110156
31,2,1112,2,5,4,1,1,0,67,3,2,7,4,1,5476,22589,1,0,11,3,1,2,10,2,3,10,0,0,2,4,0.0,0,0.18181818181818182,1.0,1825.3333333333333,0,0,0.11585665868852521
46,2,991,0,1,2,1,4,0,44,3,1,1,1,2,3423,22957,6,0,12,3,3,0,10,3,4,7,6,5,7,4,0.625,0,0.875,1.5,1711.5,0,0,0.1040486528792887
43,2,177,1,8,3,1,1,0,55,3,2,4,2,0,4765,23814,4,0,21,4,3,1,4,2,4,1,0,0,0,0,0.0,0,0.0,10.5,1588.3333333333333,0,0,0.15275059300000138
39,0,792,1,1,3,1,4,1,77,3,2,2,4,1,6472,8989,1,1,15,3,4,1,9,2,3,9,8,5,8,4,0.5,0,0.8,1.5,2157.3333333333335,0,0,0.023323008801189114
41,2,918,2,6,3,2,4,1,35,3,3,7,3,2,9241,15869,1,0,12,3,2,0,10,3,3,10,8,8,7,4,0.7272727272727273,0,0.6363636363636364,1.0909090909090908,2310.25,0,0,0.03292571386482559
52,0,715,1,19,4,3,4,1,41,3,1,6,4,1,4258,26589,0,0,18,3,1,1,5,3,3,4,3,1,2,3,0.2,0,0.4,3.6,2129.0,0,0,0.06773835216354819
30,0,641,2,25,2,5,4,0,85,3,2,7,3,1,4736,6069,7,1,12,3,2,1,4,2,4,2,2,2,2,0,0.6666666666666666,0,0.6666666666666666,4.0,1578.6666666666667,0,1,0.5275946794041432
48,2,1108,1,15,4,4,3,0,65,3,1,6,1,1,2367,16530,8,0,12,3,4,1,10,3,2,8,2,7,6,4,0.7777777777777778,0,0.6666666666666666,1.3333333333333333,1183.5,0,1,0.7212999534449726
29,2,441,1,8,1,4,3,0,39,1,2,0,1,1,9715,7288,3,0,13,3,3,1,9,3,3,7,7,0,7,4,0.0,0,0.875,1.625,3238.3333333333335,0,0,0.08263075941690896
49,2,1091,1,1,2,5,3,0,90,2,4,0,3,2,13964,17810,7,1,12,3,4,0,25,2,3,7,1,0,7,4,0.0,0,0.875,1.5,2792.8,0,0,0.09817029831992966
35,2,287,1,1,4,1,3,0,62,1,1,6,4,1,2977,8952,1,0,12,3,4,1,4,5,3,4,3,1,1,3,0.2,0,0.2,2.4,1488.5,0,0,0.08206210513744622
28,1,467,2,7,3,1,3,1,55,3,2,7,1,2,4898,11827,0,0,14,3,4,0,5,5,3,4,2,1,3,3,0.2,0,0.6,2.8,1632.6666666666667,0,0,0.08359426568879105
32,0,1184,1,1,3,1,3,0,70,2,1,2,2,1,2332,3974,6,0,20,4,3,0,5,3,3,3,0,0,2,3,0.0,0,0.5,5.0,1166.0,0,1,0.36576607070336015
31,2,480,1,7,2,3,2,0,31,3,2,4,1,1,4306,4156,1,0,12,3,2,1,13,5,1,13,10,3,12,1,0.21428571428571427,0,0.8571428571428571,0.8571428571428571,1435.3333333333333,0,0,0.16855143318873977
34,2,304,2,2,3,4,4,1,60,3,2,7,4,2,6274,18686,1,0,22,4,3,0,6,5,3,6,5,1,4,4,0.14285714285714285,0,0.5714285714285714,3.142857142857143,2091.3333333333335,0,0,0.0033371587081368463
34,2,167,1,8,5,1,2,0,32,3,2,4,1,0,5121,4187,3,0,14,3,3,1,7,3,3,0,0,0,0,0,0.0,0,0.0,14.0,1707.0,0,1,0.3148333865011794
50,2,1322,1,28,3,1,4,0,43,3,4,5,1,1,16880,22422,4,1,11,3,2,0,25,2,3,3,2,1,2,3,0.25,0,0.5,2.75,3376.0,0,1,0.3242063253036566
37,2,1225,1,10,2,1,4,1,80,4,1,6,4,2,4680,15232,3,0,17,3,1,0,4,2,3,1,0,0,0,0,0.0,0,0.0,8.5,2340.0,0,0,0.09207708919959526
47,2,249,2,2,2,2,3,0,35,3,2,7,4,1,4537,17783,0,1,22,4,1,1,8,2,3,7,6,7,7,4,0.875,0,0.875,2.75,1512.3333333333333,0,0,0.07558302027828394
